1,Topic,Unit,Name,Link,Lesson type,"Scope (how many steps, estimated time for project, etc)",Week,Day,Date,Day of week,How we might cover this,Possible guests,New concepts introduced,Concepts reviewed,Concepts previewed,Learner goals,"Output, if any",Possible supplimental external resource
1,CSS,Basic CSS,"What Is CSS: What Is CSS, and What Is Its Role on the Web?",https://www.freecodecamp.org/learn/responsive-web-design-v9/lecture-what-is-css/what-is-css,Theory,,W5,D21,2026-05-25,Mon,"Assigned as pre-reading before this session, key topics discussed on stream, collaberative notes taken to include most important concepts",,"The purpose of CSS, separating the content and style of a webpage, HTML vs CSS, properties, what responsive means when using CSS (looking good for any device), cascade (that allows styles to be inherited or overridden), external stylesheets","HTML vs CSS, using separate files",,,,
2,CSS,Basic CSS,What Is CSS: What Is the Basic Anatomy of a CSS Rule?,https://www.freecodecamp.org/learn/responsive-web-design-v9/lecture-what-is-css/what-is-the-basic-anatomy-of-a-css-rule,Theory,,W5,D21,2026-05-25,Mon,"Assigned as pre-reading before this session, key topics discussed on stream, collaberative notes taken to include most important concepts",,"CSS syntax (selectors (id and class selectors), declaration blocks, properties and values inside the declaration blocks)",The purpose of CSS,That there are different types of selectors,,,
3,CSS,Basic CSS,What Is CSS: What Is the Meta Viewport Element Used For?,https://www.freecodecamp.org/learn/responsive-web-design-v9/lecture-what-is-css/what-is-the-meta-viewport-element-used-for,Theory,,W5,D21,2026-05-25,Mon,"Assigned as pre-reading before this session, key topics discussed on stream, collaberative notes taken to include most important concepts",,"Meta viewport element for responsive design, nothing CSS at all",-,-,,,
4,CSS,Basic CSS,What Is CSS: What Are Some Default Browser Styles Applied to HTML?,https://www.freecodecamp.org/learn/responsive-web-design-v9/lecture-what-is-css/what-are-some-default-browser-styles-applied-to-html,Theory,,W5,D21,2026-05-25,Mon,"Assigned as pre-reading before this session, key topics discussed on stream, collaberative notes taken to include most important concepts",,"User-agent styles, common default browser styles for headings, hr, blockquote, anchor, paragraph and list elements",-,Resetting default styles using a CSS reset,,,
5,CSS,Basic CSS,"What Is CSS: What Are Inline, Internal, and External CSS, and When Should You Use Each One?",https://www.freecodecamp.org/learn/responsive-web-design-v9/lecture-what-is-css/what-are-inline-internal-and-external-css,Theory,,W5,D21,2026-05-25,Mon,"Assigned as pre-reading before this session, key topics discussed on stream, collaberative notes taken to include most important concepts",,"Ways to apply CSS (inline, internal, external), pros and cons of each",Separating HTML and CSS,-,,,
6,CSS,Basic CSS,What Is CSS: How Do Width and Height Work?,https://www.freecodecamp.org/learn/responsive-web-design-v9/lecture-what-is-css/how-do-width-and-height-work,Theory,,W5,D21,2026-05-25,Mon,"Assigned as pre-reading before this session, key topics discussed on stream, collaberative notes taken to include most important concepts",Andy Bell: power of CSS,"width, height, min-width, min-height, max-width, max-height elements",-,CSS units,,,
7,CSS,Basic CSS,What Is CSS: What Are the Different Types of CSS Combinators?,https://www.freecodecamp.org/learn/responsive-web-design-v9/lecture-what-is-css/what-are-the-different-types-of-css-combinators,Theory,,W5,D21,2026-05-25,Mon,"Assigned as pre-reading before this session, key topics discussed on stream, collaberative notes taken to include most important concepts",Rachel Andrews: CSS generally,"CSS combinators (descendant, child, next-sibling, subsequent-sibling",-,-,,,
8,CSS,Basic CSS,What Is CSS: What Is the Difference Between Inline and Block-Level Elements in CSS?,https://www.freecodecamp.org/learn/responsive-web-design-v9/lecture-what-is-css/what-is-the-difference-between-inline-and-block-level-elements-in-css,Theory,,W5,D21,2026-05-25,Mon,"Assigned as pre-reading before this session, key topics discussed on stream, collaberative notes taken to include most important concepts",,display: block and display: inline defaults for elements,(from HTML) inline vs block elements,-,,,
9,CSS,Basic CSS,"What Is CSS: How Does Inline-Block Work, and How Does It Differ from Inline and Block Elements?",https://www.freecodecamp.org/learn/responsive-web-design-v9/lecture-what-is-css/how-does-inline-block-work,Theory,,W5,D21,2026-05-25,Mon,"Assigned as pre-reading before this session, key topics discussed on stream, collaberative notes taken to include most important concepts",,display: inline-block default,(from HTML) inline-block element,,,,
10,CSS,Basic CSS,"What Is CSS: What Are Margins and Padding, and How Do They Work?",https://www.freecodecamp.org/learn/responsive-web-design-v9/lecture-what-is-css/what-are-margins-and-padding,Theory,,W5,D21,2026-05-25,Mon,"Assigned as pre-reading before this session, key topics discussed on stream, collaberative notes taken to include most important concepts",,"Margin, padding, margin-top, margin-bottom, margin-left, margin-right, and the same properties for padding, shortcuts to these elements (margin and padding properties)",-,-,,,
11,CSS,Basic CSS,Design a Cafe Menu,https://www.freecodecamp.org/learn/responsive-web-design-v9/workshop-cafe-menu/step-1,Workshop,89 steps,W5,D21,2026-05-25,Mon,"Core topics discussed on stream, some steps worked through, assigned to finish as homework",,"Type selectors, using multiple selectors in one rule, styles.css file, comments in CSS, background-image, text-align, styling nested elements, font-family, font-style, font-size","(from HTML) h1, h2, main, p, section, div, article, footer, address, anchor, img, style elements, link element for stylesheets. Adding CSS properties and values, meta viewport, id selector, background-color, width, margin, class selectors, padding, height, ","borders, pseudo-selectors, styling links",,,
12,CSS,Basic CSS,Design a Business Card,https://www.freecodecamp.org/learn/responsive-web-design-v9/lab-business-card/design-a-business-card,Lab,Note: this is intentionally scoped as a small amount to cover for this lesson to use the time to catch up as needed,W5,D22,2026-05-26,Tue,"Review topics from theory in last class and talk through any questions from the workshop. Go through the lab together to talk about how to approach it, assign to do independently as homework. Note: previous class had a LOT of new concepts and the workshop was huge, this class is a catchup/mop up and review day to split the cognitive burden.",Someone from Moo?,-,most of the concepts covered so far,-,,,
13,CSS,Basic CSS,"CSS Specificity, the Cascade Algorithm, and Inheritance: What Is CSS Specificity, and the Specificity for Inline, Internal, and External CSS?",https://www.freecodecamp.org/learn/responsive-web-design-v9/lecture-css-specificity-the-cascade-algorithm-and-inheritance/what-is-css-specificity-and-the-specificity-for-inline-internal-and-external-css,Theory,,W5,D23,2026-05-27,Wed,"Assigned as pre-reading before this session, key topics discussed on stream, collaberative notes taken to include most important concepts",,CSS specificity,"inline styles, external CSS, id selectors, class selectors,","universal selector, pseudo-classes, pseudo-elements, attribute selectors",,,
14,CSS,Basic CSS,"CSS Specificity, the Cascade Algorithm, and Inheritance: What Is the Universal Selector, and What Is Its Specificity?",https://www.freecodecamp.org/learn/responsive-web-design-v9/lecture-css-specificity-the-cascade-algorithm-and-inheritance/what-is-the-universal-selector,Theory,,W5,D23,2026-05-27,Wed,"Assigned as pre-reading before this session, key topics discussed on stream, collaberative notes taken to include most important concepts",,Universal selector,,,,,
15,CSS,Basic CSS,"CSS Specificity, the Cascade Algorithm, and Inheritance: What Is the Specificity for Type Selectors?",https://www.freecodecamp.org/learn/responsive-web-design-v9/lecture-css-specificity-the-cascade-algorithm-and-inheritance/what-is-the-specificity-for-type-selectors,Theory,,W5,D23,2026-05-27,Wed,"Assigned as pre-reading before this session, key topics discussed on stream, collaberative notes taken to include most important concepts",,-,Type selectors,-,,,
16,CSS,Basic CSS,"CSS Specificity, the Cascade Algorithm, and Inheritance: What Is the Specificity for Class Selectors?",https://www.freecodecamp.org/learn/responsive-web-design-v9/lecture-css-specificity-the-cascade-algorithm-and-inheritance/what-is-the-specificity-for-class-selectors,Theory,,W5,D23,2026-05-27,Wed,"Assigned as pre-reading before this session, key topics discussed on stream, collaberative notes taken to include most important concepts",,-,Class selectors,-,,,
17,CSS,Basic CSS,"CSS Specificity, the Cascade Algorithm, and Inheritance: What Is the Specificity for ID Selectors?",https://www.freecodecamp.org/learn/responsive-web-design-v9/lecture-css-specificity-the-cascade-algorithm-and-inheritance/what-is-the-specificity-for-id-selectors,Theory,,W5,D23,2026-05-27,Wed,"Assigned as pre-reading before this session, key topics discussed on stream, collaberative notes taken to include most important concepts",,-,ID selectors,-,,,
18,CSS,Basic CSS,"CSS Specificity, the Cascade Algorithm, and Inheritance: What Is the important Keyword, and What Are the Best Practices for Using It?",https://www.freecodecamp.org/learn/responsive-web-design-v9/lecture-css-specificity-the-cascade-algorithm-and-inheritance/what-is-the-important-keyword,Theory,,W5,D23,2026-05-27,Wed,"Assigned as pre-reading before this session, key topics discussed on stream, collaberative notes taken to include most important concepts",,The !important keyword,"CSS specificity, cascade",,,,
19,CSS,Basic CSS,"CSS Specificity, the Cascade Algorithm, and Inheritance: How Does the Cascade Algorithm Work at a High Level?",https://www.freecodecamp.org/learn/responsive-web-design-v9/lecture-css-specificity-the-cascade-algorithm-and-inheritance/how-does-the-cascade-algorithm-work-at-a-high-level,Theory,,W5,D23,2026-05-27,Wed,"Assigned as pre-reading before this session, key topics discussed on stream, collaberative notes taken to include most important concepts",,The cascade algorithm ,,Media queries,,,
20,CSS,Basic CSS,"CSS Specificity, the Cascade Algorithm, and Inheritance: How Does Inheritance Work with CSS at a High Level?",https://www.freecodecamp.org/learn/responsive-web-design-v9/lecture-css-specificity-the-cascade-algorithm-and-inheritance/how-does-inheritance-work-with-css-at-a-high-level,Theory,,W5,D23,2026-05-27,Wed,"Assigned as pre-reading before this session, key topics discussed on stream, collaberative notes taken to include most important concepts",,Inheritance ,Parent and child elements,-,,,
21,CSS,Basic CSS,CSS Fundamentals Review,https://www.freecodecamp.org/learn/responsive-web-design-v9/review-basic-css/review-basic-css,Review,,W5,D23,2026-05-27,Wed,Review together,,-,all the concepts covered so far,-,,,
22,CSS,Basic CSS,CSS Fundamentals Quiz,https://www.freecodecamp.org/learn/responsive-web-design-v9/quiz-basic-css/quiz-basic-css,Quiz,,W5,D23,2026-05-27,Wed,Assigned as homework,,-,-,-,,,
23,CSS,Basic CSS,Styling Lists and Links: How Do You Space List Items Using margin or line-height?,https://www.freecodecamp.org/learn/responsive-web-design-v9/lecture-styling-lists-and-links/how-do-you-space-list-items-using-margin-or-line-height,Theory,,W5,D24,2026-05-28,Th,"Assigned as pre-reading before this session, key topics discussed on stream, collaberative notes taken to include most important concepts",,Spacing list items with margin and line-height,"margin, padding",-,,,
24,CSS,Basic CSS,Styling Lists and Links: How Do the Different list-style Properties Work?,https://www.freecodecamp.org/learn/responsive-web-design-v9/lecture-styling-lists-and-links/how-do-the-different-list-style-properties-work,Theory,,W5,D24,2026-05-28,Th,"Assigned as pre-reading before this session, key topics discussed on stream, collaberative notes taken to include most important concepts",,list-style,-,-,,,
25,CSS,Basic CSS,Styling Lists and Links: Why Are Default Link Styles Important for Usability on the Web?,https://www.freecodecamp.org/learn/responsive-web-design-v9/lecture-styling-lists-and-links/why-are-default-link-styles-important-for-usability-on-the-web,Theory,,W5,D24,2026-05-28,Th,"Assigned as pre-reading before this session, key topics discussed on stream, collaberative notes taken to include most important concepts",,"Default link styles (colors for different states, underline)",,The role of default styles in accessibility,,,
26,CSS,Basic CSS,Styling Lists and Links: How Do You Style the Different Link States?,https://www.freecodecamp.org/learn/responsive-web-design-v9/lecture-styling-lists-and-links/how-do-you-style-the-different-link-states,Theory,,W5,D24,2026-05-28,Th,"Assigned as pre-reading before this session, key topics discussed on stream, collaberative notes taken to include most important concepts",,"Link states (link, visited, hover, focus, active), pseudo-classes",-,Why link states are important for accessibility,,,
27,CSS,Basic CSS,Build a Stylized To-Do List,https://www.freecodecamp.org/learn/responsive-web-design-v9/lab-stylized-to-do-list/build-a-stylized-to-do-list,Lab,,W5,D24,2026-05-28,Th,,,-,"(from HTML) list, input, label, anchor elements, styling links based on their states",-,,,
28,CSS,Basic CSS,"Working with Backgrounds and Borders: How Do Background Image Size, Repeat, Position, and Attachment Work?",https://www.freecodecamp.org/learn/responsive-web-design-v9/lecture-working-with-backgrounds-and-borders/how-to-work-with-background-image-size-repeat-position-and-attachment,Theory,,W5,D25,2026-05-29,Fri,,,Controlling how background images are displayed,height,-,,,
29,CSS,Basic CSS,"Working with Backgrounds and Borders: What Is a Background Gradient, and How Does It Work?",https://www.freecodecamp.org/learn/responsive-web-design-v9/lecture-working-with-backgrounds-and-borders/what-is-a-background-gradient,Theory,,W5,D25,2026-05-29,Fri,,,Background gradients (linear and radial),-,-,,,
30,CSS,Basic CSS,Working with Backgrounds and Borders: What Are Some Accessibility Considerations for Backgrounds?,https://www.freecodecamp.org/learn/responsive-web-design-v9/lecture-working-with-backgrounds-and-borders/what-are-some-accessibility-considerations-for-backgrounds,Theory,,W5,D25,2026-05-29,Fri,,,Accessibility concerns when styling backgrounds,-,-,,,
31,CSS,Basic CSS,Working with Backgrounds and Borders: What Are the Different Ways You Can Add Borders Around Images?,https://www.freecodecamp.org/learn/responsive-web-design-v9/lecture-working-with-backgrounds-and-borders/what-are-the-different-ways-you-can-add-borders-around-images,Theory,,W5,D25,2026-05-29,Fri,,,"Border styles for images, outline property",-,-,,,
32,CSS,Basic CSS,Design a Blog Post Card,https://www.freecodecamp.org/learn/responsive-web-design-v9/lab-blog-post-card/lab-blog-post-card,Lab,,W5,D25,2026-05-29,Fri,,,-,Styling backgrounds and using borders,-,,,
33,CSS,Basic CSS,"Lists, Links, CSS Background and Borders Review",https://www.freecodecamp.org/learn/responsive-web-design-v9/review-css-backgrounds-and-borders/review-css-backgrounds-and-borders,Review,,W5,D25,2026-05-29,Fri,,,-,"Styling lists, spacing list items with margin and line-height, pseudo-class, styling links based on their states, backgrounds, borders, gradients ",-,,,
34,CSS,Basic CSS,CSS Backgrounds and Borders Quiz,https://www.freecodecamp.org/learn/responsive-web-design-v9/quiz-css-backgrounds-and-borders/quiz-css-backgrounds-and-borders,Quiz,,W5,D25,2026-05-29,Fri,,,-,-,-,,,
35,CSS,Design,User Interface Design Fundamentals: What Are Common Design Terms to Help You Communicate with Designers?,https://www.freecodecamp.org/learn/responsive-web-design-v9/lecture-user-interface-design-fundamentals/what-are-common-design-terms-to-help-you-communicate-with-designers,Theory,,W6,D26,2026-06-01,Mon,,Scott Riley: Demystifying design,"Design terminology: layout, alignment, composition, balance, hierarchy, contrast, white space, user interface, user experience",-,-,,,
36,CSS,Design,User Interface Design Fundamentals: How Do You Create Good Background and Foreground Contrast in Your Designs?,https://www.freecodecamp.org/learn/responsive-web-design-v9/lecture-user-interface-design-fundamentals/how-do-you-create-good-background-and-foreground-contrast-in-your-designs,Theory,,W6,D26,2026-06-01,Mon,,,"Using contrast, contrast ratio, the accessibility concerns on contrast",-,-,,,
37,CSS,Design,User Interface Design Fundamentals: What Is the Importance of Good Visual Hierarchy in Design?,https://www.freecodecamp.org/learn/responsive-web-design-v9/lecture-user-interface-design-fundamentals/what-is-the-importance-of-good-visual-hierarchy-in-design,Theory,,W6,D26,2026-06-01,Mon,,,"Creating visual hierarchy, callout box, CTA button",Semantically correct HTML,-,,,
38,CSS,Design,User Interface Design Fundamentals: How Does Scale Work in Design?,https://www.freecodecamp.org/learn/responsive-web-design-v9/lecture-user-interface-design-fundamentals/how-does-scale-work-in-design,Theory,,W6,D26,2026-06-01,Mon,,,Using correct scale (size) elements,Visual hierarchy,-,,,
39,CSS,Design,User Interface Design Fundamentals: How Does Alignment Work in Design?,https://www.freecodecamp.org/learn/responsive-web-design-v9/lecture-user-interface-design-fundamentals/how-does-alignment-work-in-design,Theory,,W6,D26,2026-06-01,Mon,,,"Horizontal (left, right, center) alignment, vertical alignment, justified alignment",-,-,,,
40,CSS,Design,User Interface Design Fundamentals: What Is the Importance of Whitespace in Design?,https://www.freecodecamp.org/learn/responsive-web-design-v9/lecture-user-interface-design-fundamentals/what-is-the-importance-of-whitespace-in-design,Theory,,W6,D26,2026-06-01,Mon,,,"Using white space for balance, types of white space (macro, active, passive, micro), the law of proximity","Balance, CTA buttons",-,,,
41,CSS,Design,User Interface Design Fundamentals: What Are Best Practices for Working with Images in Your Designs?,https://www.freecodecamp.org/learn/responsive-web-design-v9/lecture-user-interface-design-fundamentals/what-are-best-practices-for-working-with-images-in-your-designs,Theory,,W6,D26,2026-06-01,Mon,,,"Responsive images, resolution, pixels per inch (PPI)","Using correct scale, balance, hierarchy, alignment",-,,,
42,CSS,Design,User Interface Design Fundamentals: What Is Progressive Enhancement?,https://www.freecodecamp.org/learn/responsive-web-design-v9/lecture-user-interface-design-fundamentals/what-is-progressive-enhancement,Theory,,W6,D26,2026-06-01,Mon,,,"Principles of progressive enhancement, the benefits of progressive enhancement",-,-,,,
43,CSS,Design,User-Centered Design: What Is User-Centered Design?,https://www.freecodecamp.org/learn/responsive-web-design-v9/lecture-user-centered-design/what-is-user-centered-design,Theory,,W6,D27,2026-06-02,Tue,,Florence,"User centered design: considering target demographics, the goal of end users, gathering info on user behavior",-,-,,,
44,CSS,Design,"User-Centered Design: What Are User Requirements, User Research, and Testing?",https://www.freecodecamp.org/learn/responsive-web-design-v9/lecture-user-centered-design/what-is-user-research-and-testing-and-user-requirements,Theory,,W6,D27,2026-06-02,Tue,,,"Goals of user research, Net Promoter Score, exit interview, user testing, A/B testing, user requirements",-,"User journey (just mentioned in sentence, not explained as a concept)",,,
45,CSS,Design,User-Centered Design: What Are Best Practices for Designing a Dark Mode Feature?,https://www.freecodecamp.org/learn/responsive-web-design-v9/lecture-user-centered-design/what-are-best-practices-for-designing-a-dark-mode-feature,Theory,,W6,D27,2026-06-02,Tue,,,"Dark/light mode, saturated/desaturated colors, accessibility considerations, brand identity",-,-,,,
46,CSS,Design,User-Centered Design: What Are Best Practices for Designing Breadcrumbs?,https://www.freecodecamp.org/learn/responsive-web-design-v9/lecture-user-centered-design/what-are-best-practices-for-designing-breadcrumbs,Theory,,W6,D27,2026-06-02,Tue,,,"Breadcrumbs as navigation aid, designing them",Paths (only mentioned in a sentence),-,,,
47,CSS,Design,User-Centered Design: What Are Best Practices for Designing Cards?,https://www.freecodecamp.org/learn/responsive-web-design-v9/lecture-user-centered-design/what-are-best-practices-for-designing-cards,Theory,,W6,D27,2026-06-02,Tue,,,"Designing card components (simplicity, clickability, use of media, color hierarchy)",-,-,,,
48,CSS,Design,User-Centered Design: What Are Best Practices for Designing Infinite Scrolls?,https://www.freecodecamp.org/learn/responsive-web-design-v9/lecture-user-centered-design/what-are-best-practices-for-designing-infinite-scrolls,Theory,,W6,D27,2026-06-02,Tue,,,"Infinite scrolling, designing for infinite scrolling, pagination, accessibility considerations",-,-,,,
49,CSS,Design,User-Centered Design: What Are Best Practices for Designing Modal Dialogs?,https://www.freecodecamp.org/learn/responsive-web-design-v9/lecture-user-centered-design/what-are-best-practices-for-designing-modal-dialogs,Theory,,W6,D27,2026-06-02,Tue,,,"Modals, accessibility concerns for them","(from HTML) dialog element, CTA button",,,,
50,CSS,Design,"User-Centered Design: What Are Best Practices for Progress Indication on Forms, Registration, and Setup?",https://www.freecodecamp.org/learn/responsive-web-design-v9/lecture-user-centered-design/what-are-best-practices-for-progress-indication-on-forms-registration-and-setup,Theory,,W6,D27,2026-06-02,Tue,,,"Progress indicator bars, designing for progress indication",-,-,,,
51,CSS,Design,User-Centered Design: What Are Best Practices for Designing Shopping Carts?,https://www.freecodecamp.org/learn/responsive-web-design-v9/lecture-user-centered-design/what-are-best-practices-for-designing-shopping-carts,Theory,,W6,D27,2026-06-02,Tue,,,"Designing shopping carts, considerations: visibility, remove button, icon, CTA",-,-,,,
52,CSS,Design,User-Centered Design: What Is Progressive Disclosure?,https://www.freecodecamp.org/learn/responsive-web-design-v9/lecture-user-centered-design/what-is-progressive-disclosure,Theory,,W6,D27,2026-06-02,Tue,,,"Progressive disclosure, examples, concerns: visibility, single source of action for additional information",-,-,,,
53,CSS,Design,User-Centered Design: What Is Deferred and Lazy Registration?,https://www.freecodecamp.org/learn/responsive-web-design-v9/lecture-user-centered-design/what-is-deferred-and-lazy-registration,Theory,,W6,D27,2026-06-02,Tue,,,Lazy registration ,-,-,,,
54,CSS,Design,Common Design Tools: What Are Design Briefs and How Do Developers Work with Them?,https://www.freecodecamp.org/learn/responsive-web-design-v9/lecture-common-design-tools/what-are-design-briefs,Theory,,W6,D27,2026-06-02,Tue,,,"Creating a design brief to outline the objectives and requirements of a project, aspects of project design",-,-,,,
55,CSS,Design,Common Design Tools: What Are Some Common Tools Developers Should Know About That Are Used by Designers in the Industry?,https://www.freecodecamp.org/learn/responsive-web-design-v9/lecture-common-design-tools/what-are-some-common-tools-developers-should-know-about,Theory,,W6,D27,2026-06-02,Tue,,,"Design tools, vector-based design, prototyping, Figma, Sketch, Adobe XD, Canva, other tools",-,-,,,
56,CSS,Design,Design Fundamentals Review,https://www.freecodecamp.org/learn/responsive-web-design-v9/review-design-fundamentals/review-design-fundamentals,Review,,W6,D27,2026-06-02,Tue,,,-,All the concepts in this unit,-,,,
57,CSS,Design,Design Fundamentals Quiz,https://www.freecodecamp.org/learn/responsive-web-design-v9/quiz-design-fundamentals/quiz-design-fundamentals,Quiz,,W6,D27,2026-06-02,Tue,,,-,-,-,,,
58,CSS,Absolute and Relative Units,"Working with Relative and Absolute Units: What Are Absolute Units in CSS, and When Should You Use Them?",https://www.freecodecamp.org/learn/responsive-web-design-v9/lecture-working-with-relative-and-absolute-units/what-are-absolute-units-in-css,Theory,,W6,D28,2026-06-03,Wed,,,"Relative and absolute units, pixels (px) and other absolute units, ","Mentions width, height, margin, padding ",,,,
59,CSS,Absolute and Relative Units,"Working with Relative and Absolute Units: What Are Percentages in CSS, and When Should You Use Them?",https://www.freecodecamp.org/learn/responsive-web-design-v9/lecture-working-with-relative-and-absolute-units/what-are-percentages-in-css,Theory,,W6,D28,2026-06-03,Wed,,,"Percentages for flexible design, adjusting for different screen sizes",-,"Absolute positioning, transform properties",,,
60,CSS,Absolute and Relative Units,"Working with Relative and Absolute Units: What Are ems and rems in CSS, and When Should You Use Them?",https://www.freecodecamp.org/learn/responsive-web-design-v9/lecture-working-with-relative-and-absolute-units/what-are-ems-and-rems-in-css,Theory,,W6,D28,2026-06-03,Wed,,,"Using em and rem, use cases and accessibility considerations",Absolute and relative length units,,,,
61,CSS,Absolute and Relative Units,"Working with Relative and Absolute Units: What Are vh and vw Units, and When Should You Use Them?",https://www.freecodecamp.org/learn/responsive-web-design-v9/lecture-working-with-relative-and-absolute-units/what-are-vh-and-vw-units,Theory,,W6,D28,2026-06-03,Wed,,,"Viewport relative units (vw, vh)",-,-,,,
62,CSS,Absolute and Relative Units,"Working with Relative and Absolute Units: What Is the calc() Function, and How Does It Work?",https://www.freecodecamp.org/learn/responsive-web-design-v9/lecture-working-with-relative-and-absolute-units/what-is-the-calc-function,Theory,,W6,D28,2026-06-03,Wed,,,Performing calculation on values with the calc() function,-,"CSS functions, CSS variables",,,
63,CSS,Absolute and Relative Units,Build an Event Flyer Page,https://www.freecodecamp.org/learn/responsive-web-design-v9/lab-event-flyer-page/build-an-event-flyer-page,Lab,,W6,D28,2026-06-03,Wed,,,-,-,-,,,
64,CSS,Absolute and Relative Units,CSS Relative and Absolute Units Review,https://www.freecodecamp.org/learn/responsive-web-design-v9/review-css-relative-and-absolute-units/review-css-relative-and-absolute-units,Review,,W6,D28,2026-06-03,Wed,,,-,All the concepts in this unit,-,,,
65,CSS,Absolute and Relative Units,CSS Relative and Absolute Units Quiz,https://www.freecodecamp.org/learn/responsive-web-design-v9/quiz-css-relative-and-absolute-units/quiz-css-relative-and-absolute-units,Quiz,,W6,D28,2026-06-03,Wed,,,-,-,-,,,
66,CSS,Pseudo Classes and Elements,"Working with Pseudo-Classes and Pseudo-Elements in CSS: What Are Pseudo-classes, and How Do They Work?",https://www.freecodecamp.org/learn/responsive-web-design-v9/lecture-working-with-pseudo-classes-and-pseudo-elements-in-css/what-are-pseudo-classes,Theory,,W6,D29,2026-06-04,Th,,,"Pseudo-classes for selecting element based on states and positions, :hover, :focus, and more",That an element can have different states,-,,,
67,CSS,Pseudo Classes and Elements,Working with Pseudo-Classes and Pseudo-Elements in CSS: What Are Examples of Element User Action Pseudo-classes?,https://www.freecodecamp.org/learn/responsive-web-design-v9/lecture-working-with-pseudo-classes-and-pseudo-elements-in-css/what-are-examples-of-element-user-action-pseudo-classes,Theory,,W6,D29,2026-06-04,Th,,,"Continues from the previous lesson, differenties some pseudo-classes as user action pseudo-classes ",-,-,,,
68,CSS,Pseudo Classes and Elements,Working with Pseudo-Classes and Pseudo-Elements in CSS: What Are Examples of Input Pseudo-classes?,https://www.freecodecamp.org/learn/responsive-web-design-v9/lecture-working-with-pseudo-classes-and-pseudo-elements-in-css/what-are-examples-of-input-pseudo-classes,Theory,,W6,D29,2026-06-04,Th,,,Pseudo-classes for input,(from HTML) forms,-,,,
69,CSS,Pseudo Classes and Elements,Working with Pseudo-Classes and Pseudo-Elements in CSS: What Are Examples of Location Pseudo-classes?,https://www.freecodecamp.org/learn/responsive-web-design-v9/lecture-working-with-pseudo-classes-and-pseudo-elements-in-css/what-are-examples-of-location-pseudo-classes,Theory,,W6,D29,2026-06-04,Th,,,"Styling links with pseudo-classes, which was first seen in the Design a Cafe Menu workshop",-,-,,,
70,CSS,Pseudo Classes and Elements,Working with Pseudo-Classes and Pseudo-Elements in CSS: What Are Examples of Tree-structural Pseudo-classes?,https://www.freecodecamp.org/learn/responsive-web-design-v9/lecture-working-with-pseudo-classes-and-pseudo-elements-in-css/what-are-examples-of-tree-structural-pseudo-classes,Theory,,W6,D29,2026-06-04,Th,,,"Pseudo-classes for selecting elements based on their where they are in the document (:nth, :first-child, etc)","DOM, hierarchical structure of the document",-,,,
71,CSS,Pseudo Classes and Elements,Working with Pseudo-Classes and Pseudo-Elements in CSS: What Are Examples of Functional Pseudo-classes?,https://www.freecodecamp.org/learn/responsive-web-design-v9/lecture-working-with-pseudo-classes-and-pseudo-elements-in-css/what-are-examples-of-functional-pseudo-classes,Theory,,W6,D29,2026-06-04,Th,,,"Functional pseudo-classes (:is, :where, :has, :not)",-,-,,,
72,CSS,Pseudo Classes and Elements,"Working with Pseudo-Classes and Pseudo-Elements in CSS: What Are Pseudo-elements, and How Do They Work?",https://www.freecodecamp.org/learn/responsive-web-design-v9/lecture-working-with-pseudo-classes-and-pseudo-elements-in-css/what-are-pseudo-elements,Theory,,W6,D29,2026-06-04,Th,,,"Pseudo-elements (examples with ::before, ::after, ::first-letter, ::marker)",-,"transition property, transform property, animation",,,
73,CSS,Pseudo Classes and Elements,Design a Greeting Card,https://www.freecodecamp.org/learn/responsive-web-design-v9/workshop-greeting-card/step-1,Workshop,27 steps,W6,D29,2026-06-04,Th,Assign for homework to cover next class ,,-,Using pseudo-classes and pseudo-elements,"transition, transform, flexbox",,,
74,CSS,Pseudo Classes and Elements,Design a Parent Teacher Conference Form,https://www.freecodecamp.org/learn/responsive-web-design-v9/workshop-parent-teacher-conference-form/step-1,Workshop,37 steps,W6,D30,2026-06-05,Fri,"Work through some of these live, forms + CSS together are gonna be hard on learners, assign to finish for homework",,"This is about styling radio buttons, but also introduces representing colors with hex, font-weight",The transition property shows up again,-,,,
75,CSS,Pseudo Classes and Elements,Build a Job Application Form,https://www.freecodecamp.org/learn/responsive-web-design-v9/lab-job-application-form/lab-job-application-form,Lab,,W6,D30,2026-06-05,Fri,"Talk through project briefly, assign for homework/solo work",,-,"Styling radio buttons, pseudo-classes",-,,,
76,CSS,Pseudo Classes and Elements,CSS Pseudo-classes Review,https://www.freecodecamp.org/learn/responsive-web-design-v9/review-css-pseudo-classes/review-css-pseudo-classes,Review,,W6,D30,2026-06-05,Fri,"There's so much to review, use this review session as a sort of catchup session? We're gonna have some slippage on what we want to cover + learners trying to stay caught up",,-,All the concepts in this unit,-,,,
77,CSS,Pseudo Classes and Elements,CSS Pseudo-classes Quiz,https://www.freecodecamp.org/learn/responsive-web-design-v9/quiz-css-pseudo-classes/quiz-css-pseudo-classes,Quiz,,W6,D30,2026-06-05,Fri,Solo homework,,-,-,-,,,
78,CSS,Colors,Working with Colors in CSS: What Is Color Theory in Design?,https://www.freecodecamp.org/learn/responsive-web-design-v9/lecture-working-with-colors-in-css/what-is-color-theory-in-design,Theory,,W7,D31,2026-06-08,Mon,,,"Color theory, primary-secondary-tertiary colors, color models, color wheel, color scheme (analogous, complementary, triadic, monochromatic), using color efficiently in web development ",-,"RGB, HSV, HSL",,,
79,CSS,Colors,"Working with Colors in CSS: What Are Named Colors in CSS, and When to Use Them?",https://www.freecodecamp.org/learn/responsive-web-design-v9/lecture-working-with-colors-in-css/what-are-named-colors-in-css,Theory,,W7,D31,2026-06-08,Mon,,,Named colors,-,Mentions color models like RGB again,,,
80,CSS,Colors,"Working with Colors in CSS: What Is the RGB Color Model, and How Does the RGB Function Work in CSS?",https://www.freecodecamp.org/learn/responsive-web-design-v9/lecture-working-with-colors-in-css/what-is-the-rgb-color-model,Theory,,W7,D31,2026-06-08,Mon,,,"RGB color model, the rgb and rgba functions",-,-,,,
81,CSS,Colors,"Working with Colors in CSS: What Is the HSL Color Model, and How Does the HSL Function Work in CSS?",https://www.freecodecamp.org/learn/responsive-web-design-v9/lecture-working-with-colors-in-css/what-is-the-hsl-color-model,Theory,,W7,D31,2026-06-08,Mon,,,"HSL color model, the hsl and hsla functions, why HSL is better for creating color schemes,",Color wheel,,,,
82,CSS,Colors,"Working with Colors in CSS: What Are Hex Codes, and How Do They Work in CSS?",https://www.freecodecamp.org/learn/responsive-web-design-v9/lecture-working-with-colors-in-css/what-are-hex-codes,Theory,,W7,D31,2026-06-08,Mon,,,"Hex codes, representing RGB colors with hex codes","Mentions design tools in previous units (Figma, etc)",-,,,
83,CSS,Colors,"Working with Colors in CSS: What Are Linear and Radial Gradients, and How Do They Work in CSS?",https://www.freecodecamp.org/learn/responsive-web-design-v9/lecture-working-with-colors-in-css/what-are-linear-and-radial-gradients,Theory,,W7,D31,2026-06-08,Mon,,,-,Linear and radial gradients,-,,,
84,CSS,Colors,Build a Set of Colored Markers,https://www.freecodecamp.org/learn/responsive-web-design-v9/workshop-colored-markers/step-1,Workshop,89 steps,W7,D31,2026-06-08,Mon,,,"CMYK model (mentions it as something previously seen, but previous lessons don't include it), opacity property, box-shadow property (although it's previously seen before)","Color theory, all the concepts introduced in the first color lesson, hex codes, RGB, HSL, gradients",-,,,
85,CSS,Colors,Design a Set of Colored Boxes,https://www.freecodecamp.org/learn/responsive-web-design-v9/lab-colored-boxes/set-of-colored-boxes,Lab,,W7,D31,2026-06-08,Mon,,,,"Using color values (hex, RGB, HSL, named colors)",,,,
86,CSS,Colors,CSS Colors Review,https://www.freecodecamp.org/learn/responsive-web-design-v9/review-css-colors/review-css-colors,Review,,W7,D31,2026-06-08,Mon,,,-,All the concepts in color theory and gradients lessons,-,,,
87,CSS,Colors,CSS Colors Quiz,https://www.freecodecamp.org/learn/responsive-web-design-v9/quiz-css-colors/quiz-css-colors,Quiz,,W7,D31,2026-06-08,Mon,,,-,-,-,,,
88,CSS,Styling Forms,Best Practices for Styling Forms: What Are Some Best Practices for Styling Text Inputs?,https://www.freecodecamp.org/learn/responsive-web-design-v9/lecture-best-practices-for-styling-forms/what-are-some-best-practices-for-styling-text-inputs,Theory,,W7,D32,2026-06-09,Tues,,,"Styling input elements, styling for error states, using focus",,,,,
89,CSS,Styling Forms,Best Practices for Styling Forms: When Should You Use appearance: none to Deal with Issues Styling Search Inputs and Checkboxes?,https://www.freecodecamp.org/learn/responsive-web-design-v9/lecture-best-practices-for-styling-forms/when-should-you-use-appearance-none-to-deal-with-issues-styling-search-inputs-and-checkboxes,Theory,,W7,D32,2026-06-09,Tues,,,"Using appearance: none for input elements, building custom checkboxes",That there are default browser styles and different browsers have their own defaults,,,,
90,CSS,Styling Forms,Best Practices for Styling Forms: What Are Common Issues When Styling Special Input Elements?,https://www.freecodecamp.org/learn/responsive-web-design-v9/lecture-best-practices-for-styling-forms/what-are-common-issues-when-styling-special-input-elements,Theory,,W7,D32,2026-06-09,Tues,,,The issues when styling date inputs and color pickers,-,-,,,
91,CSS,Styling Forms,Design a Registration Form,https://www.freecodecamp.org/learn/responsive-web-design-v9/workshop-registration-form/step-1,Workshop,61 steps,W7,D32,2026-06-09,Tues,,,Viewport units (introduced before?) ,"Using em and rem, styling input elements, (from HTML) best practices for HTML forms, most of the concepts seen so far","(for JS ) working with HTML form data, GET, POST methods",,,
92,CSS,Styling Forms,Design a Contact Form,https://www.freecodecamp.org/learn/responsive-web-design-v9/lab-contact-form/design-a-contact-form,Lab,unsure about if this was in the class before or after,W7,D32,2026-06-09,Tues,,,-,Styling forms,-,,,
93,CSS,Styling Forms,Build a Game Settings Panel,https://www.freecodecamp.org/learn/responsive-web-design-v9/workshop-game-settings-panel/step-1,Workshop,16 steps,W7,D33,2026-06-10,Weds,,,-,"Styling checkboxes, margin, transitions, borders, vertical-align, :checked pseudo-class, ::after pseudo-element",-,,,
94,CSS,Styling Forms,Design a Feature Selection Page,https://www.freecodecamp.org/learn/responsive-web-design-v9/lab-feature-selection/design-a-feature-selection-page,Lab,,W7,D33,2026-06-10,Weds,,,-,Styling checkboxes,-,,,
95,CSS,Styling Forms,Styling Forms Review,https://www.freecodecamp.org/learn/responsive-web-design-v9/review-styling-forms/review-styling-forms,Review,,W7,D33,2026-06-10,Weds,,,-,"Best practices for styling inputs, using appearance:none, issues with styling date inputs and color pickers",-,,,
96,CSS,Styling Forms,Styling Forms Quiz,https://www.freecodecamp.org/learn/responsive-web-design-v9/quiz-styling-forms/quiz-styling-forms,Quiz,,W7,D33,2026-06-10,Weds,,,-,-,-,,,
97,CSS,The Box Model,"Working with CSS Transforms, Overflow, and Filters: What Is Overflow in CSS, and How Does It Work?",https://www.freecodecamp.org/learn/responsive-web-design-v9/lecture-working-with-css-transforms-overflow-and-filters/what-is-overflow-in-css,Theory,,W7,D34,2026-06-11,Th,,,Controlling overflows,,-,,,
98,CSS,The Box Model,"Working with CSS Transforms, Overflow, and Filters: What Is the CSS Transform Property, and How Does It Work?",https://www.freecodecamp.org/learn/responsive-web-design-v9/lecture-working-with-css-transforms-overflow-and-filters/what-is-the-css-transform-property,Theory,,W7,D34,2026-06-11,Th,,,"transform property (seen before, but properly introduced here), translating, rotating, scaling elements, accessibility concerns",-,-,,,
99,CSS,The Box Model,"Working with CSS Transforms, Overflow, and Filters: What Is the CSS Box Model, and How Does It Work?",https://www.freecodecamp.org/learn/responsive-web-design-v9/lecture-working-with-css-transforms-overflow-and-filters/what-is-the-css-box-model,Theory,,W7,D34,2026-06-11,Th,,,CSS box model,"Margins, paddings, borders, (introduced before but reintroduced)",-,,,
100,CSS,The Box Model,"Working with CSS Transforms, Overflow, and Filters: What Is Margin Collapsing, and How Does It Work?",https://www.freecodecamp.org/learn/responsive-web-design-v9/lecture-working-with-css-transforms-overflow-and-filters/what-is-margin-collapsing,Theory,,W7,D34,2026-06-11,Th,,,Margin collapsing,Hierarchical structure of the document,,,,
101,CSS,The Box Model,"Working with CSS Transforms, Overflow, and Filters: What Is the Difference Between content-box and border-box?",https://www.freecodecamp.org/learn/responsive-web-design-v9/lecture-working-with-css-transforms-overflow-and-filters/what-is-the-difference-between-content-box-and-border-box,Theory,,W7,D34,2026-06-11,Th,,,"box-sizing property, content-box vs border-box","The universal selector, CSS box model",,,,
102,CSS,The Box Model,"Working with CSS Transforms, Overflow, and Filters: What Is a CSS Reset, and What Are Some Common Examples?",https://www.freecodecamp.org/learn/responsive-web-design-v9/lecture-working-with-css-transforms-overflow-and-filters/what-is-a-css-reset,Theory,,W7,D34,2026-06-11,Th,,,"CSS reset, using a third-party CSS reset, accessibility concerns with CSS resets","Different browsers having different default styles for elements, the universal selector",,,,
103,CSS,The Box Model,"Working with CSS Transforms, Overflow, and Filters: What Is the CSS Filter Property, and What Are Common Examples?",https://www.freecodecamp.org/learn/responsive-web-design-v9/lecture-working-with-css-transforms-overflow-and-filters/what-is-the-css-filter-property,Theory,,W7,D34,2026-06-11,Th,,,"filter property, common filter functions",-,-,,,
104,CSS,The Box Model,Design a Rothko Painting,https://www.freecodecamp.org/learn/responsive-web-design-v9/workshop-rothko-painting/step-1,Workshop,44 steps,W7,D34,2026-06-11,Th,,,-,"CSS box model, margin, padding, overflows, filter property, borders, transform property ",-,,,
105,CSS,The Box Model,Build a Confidential Email Page,https://www.freecodecamp.org/learn/responsive-web-design-v9/lab-confidential-email-page/build-a-confidential-email-page,Lab,,W7,D34,2026-06-11,Th,,,-,"Rotating elements with transform, using the blur function for filter",-,,,
106,CSS,The Box Model,CSS Layouts and Effects Review,https://www.freecodecamp.org/learn/responsive-web-design-v9/review-css-layout-and-effects/review-css-layout-and-effects,Review,,W7,D34,2026-06-11,Th,,,-,All the concepts introduced in this unit,-,,,
107,CSS,The Box Model,CSS Layouts and Effects Quiz,https://www.freecodecamp.org/learn/responsive-web-design-v9/quiz-css-layout-and-effects/quiz-css-layout-and-effects,Quiz,,W7,D34,2026-06-11,Th,,,-,-,-,,,
108,CSS,Flexbox,"Working with CSS Flexbox: What Is CSS Flexbox, and When Should You Use It?",https://www.freecodecamp.org/learn/responsive-web-design-v9/lecture-working-with-css-flexbox/what-is-css-flexbox,Theory,,W7,D35,2026-06-12,Fri,,,"Flexbox, flex container, flex items, the main axis and cross axis, flex direction",-,-,,,
109,CSS,Flexbox,"Working with CSS Flexbox: What Are Some Common Flex Properties, and How Do They Work?",https://www.freecodecamp.org/learn/responsive-web-design-v9/lecture-working-with-css-flexbox/what-are-some-common-flex-properties,Theory,,W7,D35,2026-06-12,Fri,,,"flex-wrap, justify-content, align-items",Main and cross axes,-,,,
110,CSS,Flexbox,Build a Flexbox Photo Gallery,https://www.freecodecamp.org/learn/responsive-web-design-v9/workshop-flexbox-photo-gallery/step-1,Workshop,22 steps,W7,D35,2026-06-12,Fri,,,object-fit property for images,"box-sizing, flexbox, flex container and items, flex-direction, main axis, cross axis, ",,,,
111,CSS,Flexbox,Design a Set of Colorful Boxes,https://www.freecodecamp.org/learn/responsive-web-design-v9/workshop-colorful-boxes/step-1,Workshop,43 steps,W7,D35,2026-06-12,Fri,,,,,,,,
112,CSS,Flexbox,Design a Pricing Plans Layout Page,https://www.freecodecamp.org/learn/responsive-web-design-v9/lab-pricing-plans-layout/design-a-pricing-plans-layout-page,Lab,,W7,D35,2026-06-12,Fri,,,,,,,,
113,CSS,Flexbox,CSS Flexbox Review,https://www.freecodecamp.org/learn/responsive-web-design-v9/review-css-flexbox/review-css-flexbox,Review,,W7,D35,2026-06-12,Fri,,,-,All the concepts in flexbox lessons,-,,,
114,CSS,Flexbox,CSS Flexbox Quiz,https://www.freecodecamp.org/learn/responsive-web-design-v9/quiz-css-flexbox/quiz-css-flexbox,Quiz,,W7,D35,2026-06-12,Fri,,,-,-,-,,,
115,CSS,,Build a Page of Playing Cards,https://www.freecodecamp.org/learn/responsive-web-design-v9/lab-page-of-playing-cards/build-a-page-of-playing-cards,Certification Project,,W7,D35,2026-06-12,Fri,,,-,All the concepts in flexbox lessons,-,,,
116,CSS,Typography,Working with CSS Fonts: What Are the Fundamentals of Typography?,https://www.freecodecamp.org/learn/responsive-web-design-v9/lecture-working-with-css-fonts/what-are-the-fundamentals-of-typography,Theory,,W8,D36,2026-06-15,Mon,"Assigned as pre-reading before this session, key topics discussed on stream, collaberative notes taken to include most important concepts",,"Typefaces and fonts, serif and sans serif, elements of typography, baseline, cap height, x-height, ascenders, descenders, kerning, tracking, leading, line length",-,-,,,
117,CSS,Typography,Working with CSS Fonts: What Are Some Best Practices for Working with Typography in Your Designs?,https://www.freecodecamp.org/learn/responsive-web-design-v9/lecture-working-with-css-fonts/what-are-some-best-practices-for-working-with-typography-in-your-designs,Theory,,W8,D36,2026-06-15,Mon,"Assigned as pre-reading before this session, key topics discussed on stream, collaberative notes taken to include most important concepts",,"Readability, creating visual hierarchy, consistency, accessibility considerations, tips for working with fonts",-,-,,,
118,CSS,Typography,Working with CSS Fonts: What Are Font Families and How Do They Work?,https://www.freecodecamp.org/learn/responsive-web-design-v9/lecture-working-with-css-fonts/what-are-font-families,Theory,,W8,D36,2026-06-15,Mon,"Assigned as pre-reading before this session, key topics discussed on stream, collaberative notes taken to include most important concepts",,"Font families, primary and alternative fonts, generic font families, priority for fonts in font-family property",-,Web safe fonts,,,
119,CSS,Typography,Working with CSS Fonts: What Are Web Safe Fonts?,https://www.freecodecamp.org/learn/responsive-web-design-v9/lecture-working-with-css-fonts/what-are-web-safe-fonts,Theory,,W8,D36,2026-06-15,Mon,"Assigned as pre-reading before this session, key topics discussed on stream, collaberative notes taken to include most important concepts",,"Web safe fonts, using web safe fonts for either primary font or fallback",Serif and sans serif fonts,-,,,
120,CSS,Typography,"Working with CSS Fonts: What Is the @font-face At-Rule, and How Does It Work?",https://www.freecodecamp.org/learn/responsive-web-design-v9/lecture-working-with-css-fonts/what-is-the-font-face-at-rule,Theory,,W8,D36,2026-06-15,Mon,"Assigned as pre-reading before this session, key topics discussed on stream, collaberative notes taken to include most important concepts",,"At-rules, the font-face rule, defining custom fonts, url function, font formats, woff2, OpenType, woff",,-,,,
121,CSS,Typography,Working with CSS Fonts: How Do You Work with External Fonts Like Font Squirrel and Google Fonts?,https://www.freecodecamp.org/learn/responsive-web-design-v9/lecture-working-with-css-fonts/how-do-you-work-with-external-fonts-like-font-squirrel-and-google-fonts,Theory,,W8,D36,2026-06-15,Mon,"Assigned as pre-reading before this session, key topics discussed on stream, collaberative notes taken to include most important concepts",,"Using external fonts, Font Squirrel, google fonts",font-face rule (mentioned when teaching how to use Font Squirrel),-,,,
122,CSS,Typography,"Working with CSS Fonts: What Is the text-shadow Property, and How Does It Work?",https://www.freecodecamp.org/learn/responsive-web-design-v9/lecture-working-with-css-fonts/what-is-the-text-shadow-property,Theory,,W8,D36,2026-06-15,Mon,"Assigned as pre-reading before this session, key topics discussed on stream, collaberative notes taken to include most important concepts",,Using the text-shadow property,-,-,,,
123,CSS,Typography,Build a Nutritional Label,https://www.freecodecamp.org/learn/responsive-web-design-v9/workshop-nutritional-label/step-1,Workshop,68 steps,W8,D36,2026-06-15,Mon,Talk through and work through a few steps together,,"The letter-spacing, text-indent properties","box-sizing, flexbox, most of the concepts seen so far, using fonts for creating visual hierarchy",-,,,
124,CSS,Typography,Build a Newspaper Article,https://www.freecodecamp.org/learn/responsive-web-design-v9/lab-newspaper-article/build-a-newspaper-article,Lab,,W8,D36,2026-06-15,Mon,Assigned for homework in this class,,-,"font-size, fallback fonts, text-indent, line-height, ::first-letter pseudo-element",-,,,
125,CSS,Typography,CSS Typography Review,https://www.freecodecamp.org/learn/responsive-web-design-v9/review-css-typography/review-css-typography,Review,,W8,D36,2026-06-15,Mon,,,-,All the concepts seen in this unit,-,,,
126,CSS,Typography,CSS Typography Quiz,https://www.freecodecamp.org/learn/responsive-web-design-v9/quiz-css-typography/quiz-css-typography,Quiz,,W8,D36,2026-06-15,Mon,Assigned from homework during this class,,-,-,-,,,
127,CSS,Accessibility,Best Practices for Accessibility and CSS: What Are Some Tools to Check for Good Color Contrast on Sites?,https://www.freecodecamp.org/learn/responsive-web-design-v9/lecture-best-practices-for-accessibility-and-css/what-are-some-tools-to-check-for-good-color-contrast-on-sites,Theory,,W8,D37,2026-06-16,Tues,,,"Tools for checking the color contrast, WebAIM's Color Contrast Checker, TPGi Colour Contrast Analyzer",Accessibility concerns for color contrasts,-,,,
128,CSS,Accessibility,Best Practices for Accessibility and CSS: What Are Best Practices for Hiding Content So It Doesn't Become Inaccessible?,https://www.freecodecamp.org/learn/responsive-web-design-v9/lecture-best-practices-for-accessibility-and-css/what-are-best-practices-for-hiding-content-so-it-doesnt-become-inaccessible,Theory,,W8,D37,2026-06-16,Tues,,,"The accessibility tree, approaches for hiding content with accessibility in mind, writing an sr-only class for screenreaders only",-,"position, clip, white-space properties",,,
129,CSS,Accessibility,Build a Quiz Webpage,https://www.freecodecamp.org/learn/responsive-web-design-v9/workshop-accessibility-quiz/step-1,Workshop,67 steps,W8,D37,2026-06-16,Tues,,,"The role, aria-labelledby attributes, accessible navigation, scroll-behavior property, max and min functions","(from HTML) lang attribute for html, meta attributes, semantic HTML, child combinators, accessible forms, accessible color contrast, flexbox",prefers-reduced-motion media feature,,,
130,CSS,Accessibility,Build a Tribute Page,https://www.freecodecamp.org/learn/responsive-web-design-v9/lab-tribute-page/build-a-tribute-page,Lab,,W8,D37,2026-06-16,Tues,,,- (seems to be about building a simple page with conceps introduced in the very first lessons),-,-,,,
131,CSS,Accessibility,CSS Accessibility Review,https://www.freecodecamp.org/learn/responsive-web-design-v9/review-css-accessibility/review-css-accessibility,Review,,W8,D37,2026-06-16,Tues,,,-,"Color contrast tools, accessibility tree, max function, best practices, hiding content with accessibility in mind, accessibility issue with the placeholder attribute",-,,,
132,CSS,Accessibility,CSS Accessibility Quiz,https://www.freecodecamp.org/learn/responsive-web-design-v9/quiz-css-accessibility/quiz-css-accessibility,Quiz,,W8,D37,2026-06-16,Tues,,,-,-,-,,,
133,CSS,Positioning,"Understanding How to Work with Floats and Positioning in CSS: What Are Common Use Cases for Using Floats, and How Do They Work?",https://www.freecodecamp.org/learn/responsive-web-design-v9/lecture-understanding-how-to-work-with-floats-and-positioning-in-css/what-are-common-use-cases-for-using-floats,Theory,this feels big?,W8,D38,2026-06-17,Wed,,,"Using floats for layout design, the clearfix technique",Flexbox as the choice for modern layouts,Grid as the one of the choices for modern layout,,,
134,CSS,Positioning,"Understanding How to Work with Floats and Positioning in CSS: What Is Relative Positioning, and How Does This Differ from the Default Static Positioning?",https://www.freecodecamp.org/learn/responsive-web-design-v9/lecture-understanding-how-to-work-with-floats-and-positioning-in-css/what-is-relative-positioning,Theory,,W8,D38,2026-06-17,Wed,,,"Static positioning, relative positioning ",-,-,,,
135,CSS,Positioning,"Understanding How to Work with Floats and Positioning in CSS: What Is Absolute Positioning, and How Does It Work?",https://www.freecodecamp.org/learn/responsive-web-design-v9/lecture-understanding-how-to-work-with-floats-and-positioning-in-css/what-is-absolute-positioning,Theory,,W8,D38,2026-06-17,Wed,,,Absolute positioning,Taking an element out of the normal document flow (such as using floats),,,,
136,CSS,Positioning,"Understanding How to Work with Floats and Positioning in CSS: What Is Fixed and Sticky Positioning, and How Does It Differ from Absolute Positioning?",https://www.freecodecamp.org/learn/responsive-web-design-v9/lecture-understanding-how-to-work-with-floats-and-positioning-in-css/what-is-fixed-and-sticky-positioning,Theory,,W8,D38,2026-06-17,Wed,,,Fixed and sticky positioning,Absolute positioning,-,,,
137,CSS,Positioning,"Understanding How to Work with Floats and Positioning in CSS: What Is the Z-Index Property, and How Does It Work to Control the Stacking of Positioned Elements?",https://www.freecodecamp.org/learn/responsive-web-design-v9/lecture-understanding-how-to-work-with-floats-and-positioning-in-css/what-is-the-z-index-property,Theory,,W8,D38,2026-06-17,Wed,,,"Stacking order of elements, z-index, ",All the positioning options that are seen before,-,,,
138,CSS,Positioning,Build a Cat Painting,https://www.freecodecamp.org/learn/responsive-web-design-v9/workshop-cat-painting/step-1,Workshop,80 steps,W8,D38,2026-06-17,Wed,,,-,"Positioning, transform property, z-index",-,,,
139,CSS,Positioning,Build a House Painting,https://www.freecodecamp.org/learn/responsive-web-design-v9/lab-house-painting/build-a-house-painting,Lab,,W8,D38,2026-06-17,Wed,,,-,"Positioning, z-index",-,,,
140,CSS,Positioning,CSS Positioning Review,https://www.freecodecamp.org/learn/responsive-web-design-v9/review-css-positioning/review-css-positioning,Review,,W8,D38,2026-06-17,Wed,,,-,"Floats, the clearfix technique, positioning (static, relative, absolute, fixed, sticky), z-index",-,,,
141,CSS,Positioning,CSS Positioning Quiz,https://www.freecodecamp.org/learn/responsive-web-design-v9/quiz-css-positioning/quiz-css-positioning,Quiz,,W8,D38,2026-06-17,Wed,,,-,-,-,,,
142,CSS,Attribute Selectors,"Working with Attribute Selectors: What Is the Attribute Selector, and How Can It Be Used to Target Links with the href and title Attributes?",https://www.freecodecamp.org/learn/responsive-web-design-v9/lecture-working-with-attribute-selectors/what-is-the-attribute-selector,Theory,,W8,D39,2026-06-18,Th,,,"Attribute selectors, accessibility benefits of using them",(from HTML) attributes,-,,,
143,CSS,Attribute Selectors,Working with Attribute Selectors: How to Use the Attribute Selector to Target Elements with the lang and data-lang Attributes?,https://www.freecodecamp.org/learn/responsive-web-design-v9/lecture-working-with-attribute-selectors/how-to-use-the-attribute-selector-to-target-elements-with-the-lang-and-data-lang-attributes,Theory,,W8,D39,2026-06-18,Th,,,-,(from HTML) lang and data-lang attributes,-,,,
144,CSS,Attribute Selectors,Working with Attribute Selectors: How to Use the Attribute Selector to Target Ordered List Elements with the type Attribute?,https://www.freecodecamp.org/learn/responsive-web-design-v9/lecture-working-with-attribute-selectors/how-to-use-the-attribute-selector-to-target-ordered-list-elements-with-the-type-attribute,Theory,,W8,D39,2026-06-18,Th,,,-,(from HTML) type attribute,-,,,
145,CSS,Attribute Selectors,Build a Balance Sheet,https://www.freecodecamp.org/learn/responsive-web-design-v9/workshop-balance-sheet/step-1,Workshop,66 steps,W8,D39,2026-06-18,Th,,,"caption-side property for table caption element, clip property,","Using HTML tables, sr-only class, positioning, flexbox, calc() function, !important keyword, pseudoclasses, gradients",-,,,
146,CSS,Attribute Selectors,CSS Attribute Selectors Review,https://www.freecodecamp.org/learn/responsive-web-design-v9/review-css-attribute-selectors/review-css-attribute-selectors,Review,,W8,D39,2026-06-18,Th,,,"Using attribute selectors, targeting elements with lang, data-lang and type attributes, ",-,-,,,
147,CSS,Attribute Selectors,CSS Attribute Selectors Quiz,https://www.freecodecamp.org/learn/responsive-web-design-v9/quiz-css-attribute-selectors/quiz-css-attribute-selectors,Quiz,,W8,D39,2026-06-18,Th,,,-,-,-,,,
148,CSS,,Build a Book Inventory App,https://www.freecodecamp.org/learn/responsive-web-design-v9/lab-book-inventory-app/build-a-book-inventory-app,Certification Project,,W8,D39,2026-06-18,Th,,,-,"HTML tables, gradients, height, width, margin",-,,,
149,CSS,Responsive Design,"Best Practices for Responsive Design: What Is Responsive Web Design, and What Is Its Relationship to Tools Like CSS Grid and Flexbox?",https://www.freecodecamp.org/learn/responsive-web-design-v9/lecture-best-practices-for-responsive-web-design/what-is-responsive-web-design,Theory,,W8,D40,2026-06-19,Fri,,,"Adaptability, fluid grids, flexible images, media queries, ","Flexbox, calc() function, (from HTML) srcset attribute of img element",Grid (more brief intro),,,
150,CSS,Responsive Design,"Best Practices for Responsive Design: How Do Media Queries Work, and What Are Some Common Media Types and Features?",https://www.freecodecamp.org/learn/responsive-web-design-v9/lecture-best-practices-for-responsive-web-design/how-do-media-queries-work,Theory,,W8,D40,2026-06-19,Fri,,,"Media queries, media types (alt, print, screen), media features (min-, max-, aspect-ratio, resolution, orientation, hover, prefers-color-scheme), using media features with logical operators (and)",CSS cascade,-,,,
151,CSS,Responsive Design,"Best Practices for Responsive Design: What Are Media Breakpoints, and What Are Common Breakpoints in Modern Design?",https://www.freecodecamp.org/learn/responsive-web-design-v9/lecture-best-practices-for-responsive-web-design/what-are-media-breakpoints,Theory,,W8,D40,2026-06-19,Fri,,,"Media breakpoints, common device categories",Media queries,-,,,
152,CSS,Responsive Design,Best Practices for Responsive Design: What Is the Mobile First Approach in Responsive Web Design?,https://www.freecodecamp.org/learn/responsive-web-design-v9/lecture-best-practices-for-responsive-web-design/what-is-the-mobile-first-approach-in-responsive-web-design,Theory,,W8,D40,2026-06-19,Fri,,,Mobile first approach,Media queries,-,,,
153,CSS,Responsive Design,Design a Piano,https://www.freecodecamp.org/learn/responsive-web-design-v9/workshop-piano/step-1,Workshop,31 steps,W8,D40,2026-06-19,Fri,,,-,"Box-sizing, pseudo-elements, pseudo-selectors, positioning, media queries, logical operators",-,,,
154,CSS,Responsive Design,Responsive Web Design Review,https://www.freecodecamp.org/learn/responsive-web-design-v9/review-responsive-web-design/review-responsive-web-design,Review,,W8,D40,2026-06-19,Fri,,,-,All the concepts introduced in this unit,-,,,
155,CSS,Responsive Design,Responsive Web Design Quiz,https://www.freecodecamp.org/learn/responsive-web-design-v9/quiz-responsive-web-design/quiz-responsive-web-design,Quiz,,W8,D40,2026-06-19,Fri,,,-,-,-,,,
156,CSS,,Build a Technical Documentation Page,https://www.freecodecamp.org/learn/responsive-web-design-v9/lab-technical-documentation-page/build-a-technical-documentation-page,Certification Project,,W8,D40,2026-06-19,Fri,,,-,Requires the use of at least one media query,-,,,
157,CSS,Variables,"Working with CSS Variables: What Are CSS Custom Properties, and How Do They Work?",https://www.freecodecamp.org/learn/responsive-web-design-v9/lecture-working-with-css-variables/what-are-css-custom-properties,Theory,,W9,D41,2026-06-22,Mon,,,"Custom properties/variables, root pseudo-class, var() function, themes",,,,,
158,CSS,Variables,"Working with CSS Variables: What Is the @property Rule, and How Does It Work with Fallbacks?",https://www.freecodecamp.org/learn/responsive-web-design-v9/lecture-working-with-css-variables/what-is-the-at-property-rule,Theory,,W9,D41,2026-06-22,Mon,,,"Using the property at-rule, ",var() function,-,,,
159,CSS,Variables,Build a City Skyline,https://www.freecodecamp.org/learn/responsive-web-design-v9/workshop-city-skyline/step-1,Workshop,115 steps,W9,D41,2026-06-22,Mon,,,-,"The universal selector, flexbox, custom properties/variables, :root pseudo-class, positioning, CSS comments, gradients (repeated a lot), media queries, colors (using hex code)",-,,,
160,CSS,Variables,Build an Availability Table,https://www.freecodecamp.org/learn/responsive-web-design-v9/lab-availability-table/build-an-availability-table,Lab,,W9,D41,2026-06-22,Mon,,,-,":root pseudo-class, gradients",-,,,
161,CSS,Variables,CSS Variables Review,https://www.freecodecamp.org/learn/responsive-web-design-v9/review-css-variables/review-css-variables,Review,,W9,D41,2026-06-22,Mon,,,-,"Custom properties, property at-rule, var() function",-,,,
162,CSS,Variables,CSS Variables Quiz,https://www.freecodecamp.org/learn/responsive-web-design-v9/quiz-css-variables/quiz-css-variables,Quiz,,W9,D41,2026-06-22,Mon,,,-,-,-,,,
163,CSS,Grid,"Working with CSS Grid: What Is CSS Grid, and How Does It Differ from Flexbox?",https://www.freecodecamp.org/learn/responsive-web-design-v9/lecture-working-with-css-grid/what-is-css-grid,Theory,,W9,D42,2026-06-23,Tue,,,CSS grid,"Flexbox, main axis, cross axis",-,,,
164,CSS,Grid,Working with CSS Grid: How Can You Create Flexible Grids with the fr Unit?,https://www.freecodecamp.org/learn/responsive-web-design-v9/lecture-working-with-css-grid/how-can-you-create-flexible-grids-with-the-fr-unit,Theory,,W9,D42,2026-06-23,Tue,,,The fr unit ,"Grid, creating fluid layouts",-,,,
165,CSS,Grid,Working with CSS Grid: How Can You Create Gaps Between Tracks in a Grid?,https://www.freecodecamp.org/learn/responsive-web-design-v9/lecture-working-with-css-grid/how-can-you-create-gaps-between-tracks-in-a-grid,Theory,,W9,D42,2026-06-23,Tue,,,"What is track in the context of CSS grid, row-gap, column-gap, gap",Creating space between grid items,-,,,
166,CSS,Grid,Working with CSS Grid: How Can You Repeat Track Listings in a Grid Layout?,https://www.freecodecamp.org/learn/responsive-web-design-v9/lecture-working-with-css-grid/how-can-you-repeat-track-listings-in-a-grid-layout,Theory,,W9,D42,2026-06-23,Tue,,,The repeat() function,Using fr for gaps ,-,,,
167,CSS,Grid,Working with CSS Grid: What Is the Difference Between an Implicit and Explicit Grid?,https://www.freecodecamp.org/learn/responsive-web-design-v9/lecture-working-with-css-grid/what-is-the-difference-between-an-implicit-and-explicit-grid,Theory,,W9,D42,2026-06-23,Tue,,,"Implicit and explicit grid, ",-,-,,,
168,CSS,Grid,Working with CSS Grid: What Is the minmax() Function and How Does It Work?,https://www.freecodecamp.org/learn/responsive-web-design-v9/lecture-working-with-css-grid/what-is-the-minmax-function-and-how-does-it-work,Theory,,W9,D42,2026-06-23,Tue,,,mixmax() function,"Units (px, rem), grid tracks, ",,,,
169,CSS,Grid,Working with CSS Grid: How Do the grid-column and grid-row Properties Work?,https://www.freecodecamp.org/learn/responsive-web-design-v9/lecture-working-with-css-grid/how-do-the-grid-column-and-grid-row-properties-work,Theory,,W9,D42,2026-06-23,Tue,,,grid-column and grid-row properties,-,-,,,
170,CSS,Grid,Working with CSS Grid: How Can You Position Items on the Grid Using the grid-template-areas Property?,https://www.freecodecamp.org/learn/responsive-web-design-v9/lecture-working-with-css-grid/how-can-you-position-items-on-the-grid-using-the-grid-template-areas-property,Theory,,W9,D42,2026-06-23,Tue,,,"grid-template-areas property, the holy grail layout",-,-,,,
171,CSS,Grid,Build a Magazine,https://www.freecodecamp.org/learn/responsive-web-design-v9/workshop-magazine/step-1,Workshop,79 steps,W9,D42,2026-06-23,Tue,,,-,"Using fonts, the universal selector, pseudo-elements, CSS grid, minmax() function, repeat() function, positioning, object-fit property for image, media queries",-,,,
172,CSS,Grid,Design a Newspaper Layout,https://www.freecodecamp.org/learn/responsive-web-design-v9/lab-newspaper-layout/design-a-newspaper-layout,Lab,,W9,D43,2026-06-24,Wed,,,-,"Grid, grid-template-areas, grid-template-columns,grid-template-rows, creating gap between grid items",-,,,
173,CSS,Grid,Debugging CSS: How Can You Use the DevTools Inspection Tool and CSS Validators to Debug Your CSS?,https://www.freecodecamp.org/learn/responsive-web-design-v9/lecture-debugging-css/how-can-you-use-the-devtools-inspection-tool,Theory,,W9,D43,2026-06-24,Wed,,,"Browser developer tools, CSS validators",-,-,,,
174,CSS,Grid,CSS Grid Review,https://www.freecodecamp.org/learn/responsive-web-design-v9/review-css-grid/review-css-grid,Review,,W9,D43,2026-06-24,Wed,,,-,"CSS grid, the fr unit, creating gaps between tracks, grid-template-columns, grid-template-rows, grid-auto-flow, grid-auto-columns, place-items, align-items, repeat(), explicit and implicit grid, line-based placement, grid-template-areas, devtools, validators",-,,,
175,CSS,Grid,CSS Grid Quiz,https://www.freecodecamp.org/learn/responsive-web-design-v9/quiz-css-grid/quiz-css-grid,Quiz,,W9,D43,2026-06-24,Wed,,,-,-,-,,,
176,CSS,,Build a Product Landing Page,https://www.freecodecamp.org/learn/responsive-web-design-v9/lab-product-landing-page/build-a-product-landing-page,Certification Project,,W9,D43,2026-06-24,Wed,,,-,"Positioning, media queries, flexbox",-,,,
177,CSS,Animations,"Animations and Accessibility: What Are CSS Animations, and How Do They Work?",https://www.freecodecamp.org/learn/responsive-web-design-v9/lecture-animations-and-accessibility/what-are-css-animations,Theory,,W9,D44,2026-06-25,Th,,,"Animations, keyframes, animation property",transition property,-,,,
178,CSS,Animations,"Animations and Accessibility: What Are Accessibility Concerns Around Using Animations, and How Can prefers-reduced-motion Help?",https://www.freecodecamp.org/learn/responsive-web-design-v9/lecture-animations-and-accessibility/what-are-accessibility-concerns-around-using-animations,Theory,,W9,D44,2026-06-25,Th,,,"Accessibility concerns for animations, animation-iteration-count property, scroll-behavior property","prefers-reduced-motion, !important keyword",-,,,
179,CSS,Animations,Build an Animated Ferris Wheel,https://www.freecodecamp.org/learn/responsive-web-design-v9/workshop-ferris-wheel/step-1,Workshop,29 steps,W9,D44,2026-06-25,Th,,,transform-origin property,"Positioning, transform property, keyframes, animation properties",-,,,
180,CSS,Animations,Build a Moon Orbit,https://www.freecodecamp.org/learn/responsive-web-design-v9/lab-moon-orbit/build-a-moon-orbit,Lab,,W9,D44,2026-06-25,Th,,,-,"Positioning, transform property, keyframes",-,,,
181,CSS,Animations,Build a Flappy Penguin,https://www.freecodecamp.org/learn/responsive-web-design-v9/workshop-flappy-penguin/step-1,Workshop,104 steps,W9,D45,2026-06-26,Fri,,,-,"Positioning, fonts, concepts mostly seen so far",,,,
182,CSS,Animations,Build a Personal Portfolio,https://www.freecodecamp.org/learn/responsive-web-design-v9/lab-personal-portfolio/build-a-personal-portfolio,Lab,,W9,D45,2026-06-26,Fri,,,-,Media queries and positioning (from requirements),-,,,
183,CSS,Animations,CSS Animations Review,https://www.freecodecamp.org/learn/responsive-web-design-v9/review-css-animations/review-css-animations,Review,,W9,D45,2026-06-26,Fri,,,-,"CSS animations, keyframes, animation properties, prefers-reduce-motion, accessibility",-,,,
184,CSS,Animations,CSS Animations Quiz,https://www.freecodecamp.org/learn/responsive-web-design-v9/quiz-css-animations/quiz-css-animations,Quiz,,W9,D45,2026-06-26,Fri,,,-,-,-,,,
185,CSS,,CSS Review,https://www.freecodecamp.org/learn/responsive-web-design-v9/review-css/review-css,Review,,W10,D46,2026-06-29,Mon,,,-,All the concepts seen so far,-,,,
,,,,,,,W10,D47,2026-06-30,Tue,,,,,,,,
,,,,,,,W10,D48,2026-07-01,Wed,,,,,,,,
,,,,,,,W10,D49,2026-07-02,Th,,,,,,,,
,,,,,,,W10,D50,2026-07-03,Fri,,,,,,,,